player,sport,team,year,set,number,rookie,grader,grade,price,status,date_added,photo,notes,colors
C.J. Stroud,NFL,Texans,2023,Panini Prizm,339,yes,PSA,10,185,available,2026-10-01,,Sharp corners. Fresh from PSA.,#03202f/#a71930
Victor Wembanyama,NBA,Spurs,2023,Panini Prizm,136,yes,PSA,9,240,available,2026-09-30,,,#1b1b1b/#c4ced4
Patrick Mahomes,NFL,Chiefs,2017,Donruss Optic,177,yes,BGS,9.5,420,sold,2026-09-23,,,#e31837/#ffb81c
Anthony Edwards,NBA,Timberwolves,2020,Panini Prizm,258,yes,,,65,available,2026-09-29,,"Raw, pulled from a fresh pack. Clean surface.",#0c2340/#78be20
Stephen Curry,NBA,Warriors,2022,Donruss,1,no,,,6,available,2026-09-18,,,#1d428a/#ffc72c
Justin Jefferson,NFL,Vikings,2020,Panini Mosaic,211,yes,PSA,9,70,available,2026-09-27,,,#4f2683/#ffc62f
LeBron James,NBA,Lakers,2021,Panini Select,48,no,SGC,9.5,55,available,2026-09-21,,,#552583/#fdb927
Caleb Williams,NFL,Bears,2024,Panini Prizm,301,yes,,,28,available,2026-09-28,,,#0b162a/#c83803
Luka Dončić,NBA,Mavericks,2018,Panini Donruss,177,yes,PSA,9,210,available,2026-09-25,,,#00538c/#b8c4ca
Josh Allen,NFL,Bills,2018,Panini Prizm,205,yes,PSA,8,160,sold,2026-09-16,,,#00338d/#c60c30
Ja Morant,NBA,Grizzlies,2019,Panini Prizm,249,yes,PSA,10,310,available,2026-09-26,,,#12173f/#5d76a9
Lamar Jackson,NFL,Ravens,2022,Donruss Optic,9,no,,,8,available,2026-09-14,,,#241773/#9e7c0c
Giannis Antetokounmpo,NBA,Bucks,2021,Panini Mosaic,112,no,,,12,available,2026-09-19,,,#00471b/#eee1c6
Brock Purdy,NFL,49ers,2022,Panini Prizm,331,yes,SGC,10,95,available,2026-09-24,,,#aa0000/#b3995d
Jayson Tatum,NBA,Celtics,2017,Panini Prizm,16,yes,BGS,9,175,available,2026-09-17,,,#007a33/#ba9653
Ja'Marr Chase,NFL,Bengals,2021,Panini Select,52,yes,,,40,available,2026-09-22,,,#fb4f14/#000000
Shai Gilgeous-Alexander,NBA,Thunder,2023,Donruss Optic,88,no,,,15,available,2026-09-20,,,#007ac1/#ef3b24
Jayden Daniels,NFL,Commanders,2024,Donruss Optic,Rated Rookie,yes,PSA,9,75,available,2026-09-30,,,#5a1414/#ffb612
Nikola Jokić,NBA,Nuggets,2015,Panini Prizm,291,yes,PSA,8,260,available,2026-09-15,,,#0e2240/#fec524
Puka Nacua,NFL,Rams,2023,Panini Mosaic,290,yes,,,22,available,2026-09-26,,,#003594/#ffd100
